"dates","BacLieu","BaTri","CaiLay","CaMau","CangLong","CanTho","CaoLanh","ChauDoc","ChoMoi","DaiNgai","GoCong","HaTien","HungThanh","LongXuyen","PhungHiep","PhuocLong","RachGia","SaDec","SocTrang","SongDoc","TanAn","TanChau","TanHiep","TraVinh","TriTon","VinhLong","ViThanh","MocHoa","MyTho","BenLuc","TuyenNhon"
"20160101",0,0,0,0.242,0,0.317,0,0.033,0,0.031,0,0,0,0.021,0.031,0.017,0.016,0,0,0,0,0.092,0.001,0,0.001,0,0,0,0,0,0
"20160102",0.05,0,0,0.029,0,0,0,0,0,0.037,0,0,0,0.026,0.037,0.085,0,0,0,0,0,0.144,0,0,0,0,0,0,0,0,0
"20160103",0.005,1.607,3.021,0,4.062,0.657,0,0.081,0,0,6.87,0,0,0.043,0,0,0,0,0,0,5.883,0.01,0.031,0,0.031,3.021,3.133,0,10.143,2.872,0
"20160104",0.024,0,0.045,0.282,0,0.065,0.387,0.008,0.04,0.077,0,18.171,0,0.031,0.077,0.043,0.002,0.43,0,0.018,0.003,0.372,0.019,0,0.019,0.045,0.016,0.008,0.293,0.105,1.351
"20160105",0,0,0,0.016,0,0,0,0,0,0,0,0.051,0,0,0,0,0,0,0,0,0,0,0,0,0,0,0,0,0,0,0
"20160106",0,0,0,0,0,0,0,0,0,0,0,0.051,0,0,0,0,0,0,0,0,0,0,0,0,0,0,0,0,0,0,0
"20160107",0,0,0,0,0,0,0,0,0,0.009,0,0.074,0,0,0.009,0,0,0,0,0,0,0,0,0,0,0,0,0,0,0,0
"20160108",0,0,0,0.092,0,0,0,0.056,0,0,0,0.027,0,0,0,0.082,0,0,0,0,0,0.026,0,0,0,0,0,0,0,0,0
"20160109",0,0,0,0.047,0,0,0,0,0,0,0,0.011,0,0,0,0,0,0,0,0,0,0.028,0,0,0,0,0,0,0,0,0
"20160110",0,0,0,0,0,0,0,0,0,0,0,0,0,0,0,0,0,0,0,0,0,0,0,0,0,0,0,0,0,0,0
"20160111",0.053,0,0,3.119,0,0,0,1.333,0,0.199,0,0,0,0,0.199,0.057,0.307,0,0,0.152,0,0,0,0,0,0,0,0,0,0,0
"20160112",0,0,0,0.452,0,0,0,0,0,0.029,0,0.085,0,0,0.029,0.043,0.083,0,0,0.129,0,0,0,0,0,0,0,0,0,0,0
"20160113",0.6,0.222,0,0.71,0.119,0,0,1.853,0,0.034,0,0.3,0,1.599,0.034,0.764,0,0,0,0.334,0,0.722,0.14,0.39,0.14,0,0.508,0,0.147,0,0
"20160114",0,0.215,0.018,1.007,0.003,0.093,0.669,1.926,0.747,0.595,0,1.643,0.564,0.737,0.595,0.885,0.212,0.091,0.152,2.084,0.484,2.5,0.777,0,0.777,0.018,0.321,0,0.035,0.058,0
"20160115",0.205,0,0,0.547,0,0.244,0,1.013,0.12,0.23,0,0.358,0,0.31,0.23,0.264,0.065,0,0,0.296,0,0,0.351,0,0.351,0,0.264,0,0,0.166,0
"20160116",0.063,0,0,0.134,0,0,0,1.573,0.051,5.465,0,1.035,0,0,5.465,0.626,0,0,0,0.413,0,0.052,0.14,0,0.14,0,0,0,0,0,0
"20160117",3.526,0,0,4.408,0,0,0,0.481,0.05,0.501,0,4.976,0,0.203,0.501,0.166,0.6,0,0,0.691,0,0,1.686,0,1.686,0,0.417,0,0,0,0
"20160118",0,0,0,0,0,0,0,0.992,0,0.644,0,0.99,0,0.188,0.644,0,0.129,3.78,0,0.404,0,0.423,0.292,0,0.292,0,0.254,0,0,0,0
"20160119",0.009,0,0,6.086,0,0,0,0.403,0.012,0.004,0,0.583,0,0.007,0.004,0.152,0,0,0,0.367,0,0.409,0,0,0,0,0.069,0,0,0,0
"20160120",0.001,0,0,2.777,0,0,0,0,0,0.119,0,1.197,0,0,0.119,0.986,0.07,0,0,0.154,0,0,0,0,0,0,0,0,0,0,0
"20160121",0.268,0,0.029,2.231,0,0,0,0,0,0,0,0.111,0,0,0,0.764,0,0.045,0,0.289,0,0,0,0,0,0.029,0,0.009,0,0.091,0.013
"20160122",0.126,0,0,3.12,0,0,0,0,0,0.034,0,0.012,0,0,0.034,0.391,0,0,0,0.445,0,0,0,0,0,0,0.005,0,0,0,0
"20160123",0.118,0,0,4.26,0,0.1,0.054,0.12,0.02,0.005,0,0.118,0,0,0.005,0.569,0,0.069,0,0.16,0,0.084,0.003,0,0.003,0,0,0,0,0.113,0
"20160124",0.052,0.217,0,0.058,0.011,0,0,0,0,0.149,0.04,0.324,0,0,0.149,0.377,21.337,0,0.007,0.004,0,0,8.22,0,8.22,0,0.09,0,0.138,0,0
"20160125",0.566,0,0,3.016,0,0,0,0,0,1.24,0,0.324,0.03,0.002,1.24,8.674,0.134,0,0,0.625,0.929,0.102,0.057,0,0.057,0,0.005,1.741,0.256,0,0.241
"20160126",0,0,0,0,0,0.013,0,0,0,0.099,0,0,0,0,0.099,0,0.148,0,0,0.195,0,0.023,0.053,0,0.053,0,0,0,0,0,0
"20160127",0.168,0,0,0.127,0.163,0,0,0,0,1.85,0,1.053,0,0.713,1.85,1.336,1.078,0,0,1.987,0,0,0.38,0,0.38,0,0,0,0,0.357,0
"20160128",0.457,0,0,0.569,0,0.024,0,0,0,0,0,1.298,0,0.199,0,0.548,0.857,0,0,0.049,0,0,0.106,0,0.106,0,0,0,0,0.1,0
"20160129",0.204,0,0,0.339,0,3.517,0,0,0,0.335,0,0.75,0,0,0.335,1.425,0.369,0,0,1.042,0,0,0,0,0,0,0,0,0,0,0
"20160130",0,0,0,0.036,0,0,0,0,8.53,1.677,0,0.529,0,0.122,1.677,0,0.106,0,0,0.406,0,0,0,0,0,0,0,0,0,0,0
"20160131",0.006,0,0,0.729,0,0,0,0,0,0.105,0,0.29,0,0,0.105,0.654,0,0,0,0.306,0,0,0,0,0,0,0,0,0,0,0
"20160201",0,0,0,0,0,0,0,0,0,0.102,0,0.084,0,0,0.102,0,0.02,0,0,0,0,0,0,0,0,0,0,0,0,0,0
"20160202",0.908,0.002,0,0.14,0.029,0,0,0.816,0,0.21,0,0.855,0,0.043,0.21,1.082,0.057,0,0.453,0.002,0,0.346,0,0.089,0,0,0,0.036,0.18,0.092,0
"20160203",1.08,0.955,0,7.02,2.663,0.106,0,1.027,0,0.565,0.256,5.211,0.007,1.356,0.565,2.908,0.926,0.119,1.184,2.022,0.923,0,2.221,1.108,2.221,0,4.515,0,0.87,0,0.023
"20160204",3.337,2.142,0,10.283,0.71,0.002,0,2.639,0.876,6.372,0.21,3.144,0.023,0.733,6.372,12.28,3.352,0.117,1.002,3.401,1.07,1.264,1.872,2.01,1.872,0,3.295,1.006,1.095,0,0.774
"20160205",0.447,0,0,0.8,0,0.076,0.066,0.133,0.168,1,0.147,0.521,0,0.166,1,1.407,0.285,0.207,0.283,1.531,0,0,0.217,0.031,0.217,0,0.321,0,0.126,0.418,0
"20160206",0.215,1.075,0.004,1.223,0.315,0.006,0,0.614,0.025,1.415,0,0.13,0,0,1.415,0.309,0.305,0.001,0,0.688,0,0.107,0.304,0,0.304,0.004,0.156,0,1.155,0,0
"20160207",0.108,0,0,1.185,0,0,0,0,0,0.121,0,0,0,0,0.121,0.274,0.031,0,0.006,0.06,0,0,0,0,0,0,0.002,0,0,0,0
"20160208",0.009,0,0.003,0.014,0,0,0.085,0,0.021,0.019,0,0,0.121,0.041,0.019,0.02,0.044,0.11,0.002,0.003,0,0.018,0.011,0,0.011,0.003,0,0.474,0,0,0.323
"20160209",0.029,0.013,0.139,1.415,0.414,0.164,0,0,0.011,0.009,0,0,0.002,0.009,0.009,0.092,0,0.125,0.045,1.761,0.043,0.007,0.163,0,0.163,0.139,0.665,0.009,0.002,0.325,0.105
"20160210",0.043,0,0.059,1.201,0,0.798,1.308,0,1.002,0.836,0.107,0.322,0.879,0.128,0.836,1.029,0.026,1.076,0.001,0.038,0,0,0.008,0,0.008,0.059,1.592,0.454,0.127,0,0.022
"20160211",0.125,0.108,0.626,2.698,0.133,0.352,0.747,0,0.557,2.183,0.846,0.031,0.456,0.054,2.183,0.863,1.392,0.154,0.206,1.147,1.947,0.047,0.273,1.467,0.273,0.626,1.592,0.405,0.676,1.209,0.427
"20160212",0.199,0,0.022,0.149,0.142,0.002,0,0,0.009,0.002,0,0.405,0,0.008,0.002,0.251,0,0,0.092,0.666,0,0,0,0.011,0,0.022,0.01,0.008,0,0.003,0
"20160213",0.023,0,0.009,2.282,0,0,0,0,0,0.055,0,0.042,0.243,0.131,0.055,0.32,0,0,0.256,0.4,0,0.011,0,0,0,0.009,0.113,0,0,0,0.187
"20160214",0.543,0,0,1.358,0,0,0,0,0,0.07,0,0.114,0,0,0.07,1.219,0,0,0,0.244,0,0,0.448,0,0.448,0,0,0,0,0.017,0
"20160215",0.035,0,0,0,0,0,0,0,0,0,0,0.092,0,0,0,0.054,0,0,0,0,0,0,0,0,0,0,0,0,0,0,0
"20160216",0.273,0,0,0.408,0.179,0,0,0,0,0,0.855,0,0.023,0,0,0.608,0,0,0.003,0.03,0,0.001,0,0.187,0,0,0,0.005,0,0,0
"20160217",0.039,0,0,0.783,0,0,0,0,0,0.055,0,0.041,0,0,0.055,0.309,0.02,0,0.006,0,0,0,0,0.007,0,0,0,0,0,0,0
"20160218",0,0,0,0.339,0,0.065,0,0,0,0,0,0,0,0,0,0.078,0.11,0,0,0.057,0,0,0,0,0,0,0,0,0,0,0
"20160219",0,0,0,0,0,0,0,0,0,0,0,0,0,0,0,0,0,0,0,0,0,0,0,0,0,0,0,0,0,0,0
"20160220",0,0,0,0,0,0,0,0,0,0,0,0,0,0,0,0,0,0,0,0,0,0,0,0,0,0,0,0,0,0,0
"20160221",0,0,0,0,0,0,0,0,0,0,0,0,0,0,0,0,0,0,0,0.049,0,0,0,0,0,0,0,0,0,0,0
"20160222",0.002,0,0,0.783,0,0,0,0,0,0,0,0,0,0,0,0.047,0,0,0,0.005,0,0,0,0,0,0,0,0,0,0,0
"20160223",0.181,0,0,0.682,0,0,0,0,0,0.044,0,0.159,0,0,0.044,0.353,0,0,0,0.086,0,0,0,0,0,0,0,0,0,0,0
"20160224",0.049,0,0,0.016,0,0,0,0,0,0,0,0,0,0,0,0.117,0,0,0,0,0,0,0,0,0,0,0,0,0,0,0
"20160225",0.369,0.006,0.112,0.443,0.034,0,0.06,0,0.077,0.014,0.192,0,0,0.04,0.014,0.394,0.014,0.041,0.299,0,0.017,0.006,0.247,0,0.247,0.112,0.002,0.122,0.046,0.001,0.245
"20160226",0.185,0,0.075,2.224,0,0,0.107,0,0.024,0,0,0.252,0.023,0.01,0,0.947,0,0.063,0.367,0.341,1.005,0,0.051,0,0.051,0.075,0,0,0.717,0.265,0.027
"20160227",0.013,0.172,0,0.126,0.035,0,0,0,0,0.118,0,0,0,0,0.118,0.032,0,0,0,0.084,0,0,0,0.001,0,0,0.004,0,0.174,0.201,0
"20160228",0.011,0,0.041,2.474,0,0.142,0.18,0,0.123,0.189,0,0.036,0.071,0.045,0.189,0.009,0.013,0.192,0,0.352,0,0,0.04,0,0.04,0.041,0,0.042,0,0.969,0
"20160229",0.309,0,0,0.067,0,0,0,0,0,0.087,0,0.047,0,0,0.087,0.102,0,0,0,0.296,0,0,0,0,0,0,0,0,0,0,0
"20160301",0.444,0.215,0.406,1.064,0.143,0.957,0.776,0,0.74,0,0,0,0.083,0,0,0.653,0.124,1.801,0.179,0.352,0,0,0.081,0.111,0.081,0.406,0.232,0,0.005,0,0
"20160302",0,0,0.902,0,0,2.948,1.065,0,0.043,0.47,0,0,0.159,0,0.47,0,0,2.349,0,0.567,0,0,0,0,0,0.902,0,0,0.282,0,0
"20160303",0.489,0,0,6.277,0,0.038,0.025,0,0,0.037,0,2.133,0.006,0,0.037,0.45,0,0.018,0,0.56,0,0.136,0,0.123,0,0,0,0.002,0.079,0,0
"20160304",0.304,0,0.531,1.028,0,0.409,0.565,0,0.901,0.257,0,0.018,1.05,0,0.257,0.264,0,0.631,0,0.078,0,0.085,0,0,0,0.531,0,0,0,0,0
"20160305",0.661,0,0,2.634,0,0.033,0,0,0,0.253,0,0,0,0,0.253,1.682,0,0.906,0.027,0.845,0,0.374,0,0,0,0,0.129,0,0,0,0
"20160306",1.299,0,0,5.712,0,0.048,0,0.087,0,1.576,0,1.048,0,0,1.576,1.686,0.086,0.297,0,0.299,0,0.008,0,0,0,0,0,0,0,0,0
"20160307",0,1.425,0,0.076,0,0,0,0.051,0,0.221,0,0,0,0,0.221,0,0.051,0,0,0.152,0.378,0,0,0,0,0,0,0,0,0,0
"20160308",0,0,0,0,0,0,0,0,0,0.174,0,0.243,0,0,0.174,0,0,0,0,0.109,0,0,0,0,0,0,0,0,0,0,0
"20160309",2.101,0,0.619,2.227,0,0.147,0.167,0.126,0,0,0,0,0,0,0,0.147,0,0.138,0,0,0,0.207,0,0,0,0.619,0,0,0,0,0
"20160310",0,0,0,0.004,0,0,0,0,0,0,0,0,0,0,0,0,0,0,0,0.2,0,0.247,0,0,0,0,0,0,0,0,0
"20160311",0.025,0.013,0.003,1.141,0,0.043,0,0,0,0.179,0,0,0,0,0.179,0.247,0.024,0.103,0,0.69,0.02,0,0.051,0,0.051,0.003,0,0.001,0,0,0
"20160312",0,0,0,0.207,0,0,0,0,0,0.035,0,0,0,0,0.035,0,0,0,0,0,0,0.089,0,0,0,0,0,0,0,0,0
"20160313",0,0,0,1.593,0,0,0,0,0,0.115,0,0.229,0,0,0.115,0,0.051,0,0,0.118,0,0,0,0,0,0,0,0,0,0,0
"20160314",0,0,0.382,1.634,0,0.529,0.082,0.863,0.041,0.058,0,0.138,0.053,0,0.058,0,0.057,0.069,0,0.177,0,0.088,0,0,0,0.382,0.511,0.042,0,0.357,0
"20160315",0,0,0,0.02,0,0,0,0.016,0,0.053,0,1.212,0,0,0.053,0,0.037,0,0,0,1.665,0.204,0,0,0,0,0,0,0,0,0.242
"20160316",0.974,0,0.867,0.009,0,1.067,0.202,0.017,0.047,0.053,0,0.462,0.387,0,0.053,0.726,0.019,0.876,0,0.091,0,0.183,0.025,0,0.025,0.867,0,0,0,0,0
"20160317",0.244,0,0,0,0,0,0,0.067,0,0,0,0,0,0,0,0.632,0,0,0,0.196,0,0.134,0,0.004,0,0,0,0,0,0,0
"20160318",0.218,0,0,0,0,0,0,0,0,0.219,0,0.059,0,0,0.219,0,0,0.024,0,0,0,0,0,0,0,0,0,0,0,0,0
"20160319",0,0,0,0.142,0,0,0,0,0,0.026,0,0,0,0,0.026,0,0,0,0,0,0,0.022,0,0,0,0,0.005,0,0,0,0
"20160320",0.004,0,0,0,0,0,0,0,0,0,0,0,0,0,0,0.003,0,0,0,0.08,0,0.608,0,0,0,0,0,0,0,0,0
"20160321",0,0,0,0,0,0,0,0,0,0,0,0.133,0,0,0,0,0,0,0,0,0,0.657,0,0,0,0,0,0,0,0,0
"20160322",0,0,0,0.066,0,0,0,0,0,0,0,0,0,0,0,0,0,0,0,0.13,0,0.274,0,0,0,0,0,0,0,0,0
"20160323",0,0,0,0,0,0,0,0,0,0,0,0,0,0,0,0,0,0,0,0.188,0,0.045,0,0,0,0,0,0,0,0,0
"20160324",0.415,0,0,0,0,0,0,0.11,0,0,0,0.113,0,0.012,0,0,4.97,0,0,0.232,0,0.552,0,0,0,0,0,0,0,0,0
"20160325",0.048,0,0,0,0,0,0,0,0,0,0,0,0,0,0,0.029,0,0,0,0,0,0,0,0,0,0,0,0,0,0,0
"20160326",0.014,0,0,0,0,0,0,0,0,0,0,0,0,0,0,0,0,0,0,0,0,0,0,0,0,0,0,0,0,0,0
"20160327",0,0,0.01,13.481,0,0.042,0,2.577,0,0.477,0,0.18,0,0,0.477,0,0.958,0,0.018,0.561,0,3.648,0.001,0,0.001,0.01,0,2.597,0,0,0
"20160328",0,0,0.028,2.248,0,0.007,0.017,0,0,0,0,0,0,0,0,0,0,0.013,0,0,0,8.68,0,0,0,0.028,0,0,0,0,0
"20160329",0,0,0,0,0,0,0,0.032,0,0,0,0,0,0,0,0,0,0,0,0,0,0.022,0,0,0,0,0,0,0,0,0
"20160330",0.211,0,0,0.424,0,0,0,0,0,0,0,0,0,0,0,0,0,0,0,0.202,0,0.048,0,0,0,0,0,0,0,0,0
"20160331",0.127,0,0,0,0,0,0,0,0,0,0,0,0,0,0,0,0,0,0,0.364,0,0,0,0,0,0,0,0,0,0,0
"20160401",0,0,0,0.13,0,0,0,0,0,0,0,0.095,0,0,0,0,0,0,0,0.518,0,0,0,0,0,0,0,0,0,0,0
"20160402",0,0,0,7,0,0,0,0,0,0.171,0,0.162,0,0,0.171,0,0,0,0,0.202,0,0,0.019,0,0.019,0,0,0,0,0,0
"20160403",0.28,0,0,2.086,0,0.113,0.661,0.022,0.342,0.778,0.608,0.477,0.284,0.141,0.778,0.199,0.197,0.262,0.027,0.632,0.015,0.225,0.243,0,0.243,0,0.18,0.711,0.021,0,0.064
"20160404",1.625,0.267,0.033,3.089,0.556,0.012,0.001,0.783,0.356,0.45,0,0.219,0,0.703,0.45,2.743,0,0.004,0.004,0.502,0,0,0.706,0,0.706,0.033,0.029,0,0,0,0
"20160405",0.743,1.883,0.513,6.996,0.047,0.144,0.898,1.741,2.472,0.687,0.512,1.759,2.077,3.824,0.687,1.225,0.298,0.686,0.704,1.994,0.053,3.546,1.368,0.277,1.368,0.513,1.512,0.184,0.365,0.05,2.128
"20160406",1.293,1.601,1.458,1.423,2.314,0.809,0,1.351,0.546,1.111,1.021,0.594,0,1.228,1.111,0,0.312,0.033,0.535,1.789,2.24,0.183,1.22,1.423,1.22,1.458,1.827,0,2.025,3.685,1.162
"20160407",0.557,0.246,0.806,0.659,0.434,0,0,0.2,0.281,0.942,0.537,0.159,0,0.76,0.942,0,0.716,0,0,1.532,0.019,0,0.258,0.182,0.258,0.806,0.669,0,0.305,0.062,0.001
"20160408",0.13,0,0,0.434,0,0,0,0,0,0,0,0.293,0,0.021,0,0.219,0,0,0,0.597,0,0,0,0,0,0,0,0,0,0,0
"20160409",0,0,0,0.619,0,0,0.044,0,0.068,0,0,1.359,0.071,0.1,0,0,0.005,0,0,0.62,0,0,0,0,0,0,0,0,0,0,0
"20160410",0,0,0,0,0,0,0,0,0,0,0,0,0,0,0,0,0,0,0,0.171,0,0,0,0,0,0,0,0,0,0,0
"20160411",0,0.036,0.005,0.529,0.044,0,0,0,0,0.351,0,0,0,0,0.351,0,0.13,0,0,0.527,0,0,0,0.004,0,0.005,0,0,0,0,0
"20160412",0,0,0,0,0,0,0,0,0,0,0,0,0,0,0,0,0,0,0,0,0,0.035,0,0,0,0,0,0,0,0,0
"20160413",0,0,0,0,0,0,0.007,0,0,0,0,0,0.017,0,0,0,0,0.004,0,0,0,0.013,0,0,0,0,0,0,0,0,0
"20160414",0.24,0,0,0.807,0,0,0,0,0,0,0,0,0.025,0.45,0,0.269,0.002,0,0.089,0.008,0,0,0,0,0,0,0,0,0,0,0
"20160415",0,0.272,0,1.371,0.173,1.657,0,0,0,0,0,0,0,1.09,0,0,0,0,0.175,0,0.062,0.464,0,0.304,0,0,0,0,0.293,0,0
"20160416",1.938,0.5,0,2.164,1.167,1.383,0,0.343,0,0.184,0.524,0,0,2.239,0.184,1.686,0,0,0.662,0.911,0.348,0.177,0.285,0.777,0.285,0,1.146,0,0.91,0,0
"20160417",0.618,0.824,0,4.559,1.032,0,0.053,0.441,0.752,0.76,0.695,0.629,0.173,1.685,0.76,1.033,0.479,0.072,1.037,0.368,0.135,0.743,0.976,1.156,0.976,0,1.699,0.015,0.63,0.017,0.011
"20160418",0.503,0.714,0,1.695,0.181,0,1.466,0.558,0.322,0.165,0.086,0.945,0.014,1.9,0.165,1.271,0.06,0.37,0.244,0.033,0.223,0.668,0.824,0.174,0.824,0,0.7,0,0.137,0,0
"20160419",0.053,0.036,0.829,0.636,0.231,2.043,1.221,0.023,0.841,0.114,0,0.189,0.416,0.672,0.114,0.453,0,2.639,0.024,0.093,0.113,0.068,0.304,0,0.304,0.829,0.005,0.002,0.11,0.224,0
"20160420",0,0.017,0.004,0.357,0,0.011,0,0,0,4.953,0.108,0.025,0,0,4.953,0.291,0.025,0,0.011,0.015,0,0,0,0,0,0.004,2.522,0,0.018,0,0
"20160421",0,0,0,0.518,0,0.017,0.098,0,0.208,0.192,0,0.89,0.169,0.341,0.192,0.216,0.798,0.064,0,0.832,0,0,0.085,0,0.085,0,0.37,0.023,0,0,0
"20160422",0,0,0,0,0,0,0,0.019,0,0,0,0,0,0.057,0,0,0,0,0,0,0,0.046,0,0,0,0,0,0,0,0,0
"20160423",0,0,0,0,0,0,0,0.168,0,0,0,0,0,0,0,0,0,0,0,0,0,0,0,0,0,0,0,0,0,0,0
"20160424",0,0,0,0,0,0,0,0,0,0,0,0,0,0,0,0,0,0,0,0,0,0,0,0,0,0,0,0,0,0,0
"20160425",0.102,0,0,0,0,0,0,0,0,0,0,0.114,0,0,0,0.102,0,0,0,0,0,0,0,0,0,0,0,0,0,0,0
"20160426",0.336,0,0,0.993,0,0,0,0,0,0,0,0.049,0,0,0,0.602,0,0,0,0.294,0.079,0,0,0,0,0,0,0,0.052,0,0
"20160427",0.117,0.017,0,0.177,0,0.025,0,0,1.819,1.753,0.004,0,0,0,1.753,0.173,0.234,0,0.001,1.585,0.355,0.034,0.002,0,0.002,0,0.145,0,0.155,0.593,2.823
"20160428",0,0.06,0,0.388,0.454,0.06,0,0,0.183,0.413,1.746,0,0.002,0.001,0.413,0,0.044,0,0,0.32,0.216,0.001,0,0.006,0,0,0.141,0,0.075,0.297,0.283
"20160429",0.072,0.068,0.134,0.005,0.083,0,0.003,2.357,0.024,2.948,0.262,0.004,0.001,0.216,2.948,0.111,6.566,0,0.024,0.027,0.106,2.157,0,0,0,0.134,0,7.33,0.081,0.137,0.066
"20160430",0.211,0.075,0.002,4.552,0,0,0,0.145,0,1.606,0,0.179,0,0.017,1.606,0.481,0,0,0.001,0.019,0,0.129,0.085,0,0.085,0.002,4.437,0.209,0.027,0,0
"20160501",0.009,0.071,0.412,2.355,0.072,2.248,0.001,0.011,0.366,1.875,0.021,0.004,0.4,0.072,1.875,0.009,4.864,1.292,0.016,0.248,0.229,0.378,5.706,0.009,5.706,0.412,2.052,2.187,0.048,0.383,1.678
"20160502",0,0,0,0.017,0,0,0.025,0.033,0,30.542,0,0.041,0,0.039,30.542,0,9.727,0,0.011,0.683,0.587,0.155,0,0.002,0,0,0,0,0,0,0
"20160503",0,0,0.012,0.144,0,4.802,0.187,0.084,0.226,7.15,0.01,0.103,0.02,0.245,7.15,0.009,3.37,0.347,0,4.029,0,0,1.676,0,1.676,0.012,0.554,0,0,0,0
"20160504",0.165,0.072,0.001,0.08,0.089,0.002,0,0.042,0.013,0.964,0.063,11.694,0,0.06,0.964,0.352,2.883,0,0.288,0.063,0.002,0.02,1.385,0.038,1.385,0.001,0.039,0,0.059,0.012,0
"20160505",0.818,0.126,0.283,6.097,0.095,0.206,3.116,0.029,0.64,1.707,0.066,0.009,10.5,1.283,1.707,1.42,0.262,7.277,0.659,7.774,0.98,3.537,0.647,0.089,0.647,0.283,5.222,5.84,0.083,3.538,2.753
"20160506",2.144,8.054,7.039,3.837,2.302,9.923,19.386,12.516,11.732,5.96,5.87,4.43,18.27,11.839,5.96,4.663,2.081,14.183,0.529,21.176,7.119,7.704,12.573,2.688,12.573,7.039,7.42,6.194,9.84,9.113,3.763
"20160507",0.693,0.002,0.031,0.697,0,0.256,1.245,0.141,1.014,9.359,0.002,0.054,0.692,0.214,9.359,1.268,3.812,1.149,0.042,0.08,0,0.079,0.483,0,0.483,0.031,0.628,0.095,0.002,0.002,0.003
"20160508",0.186,0.03,0,0.236,0.005,0.526,0,0.007,0.038,0.252,0.033,0.008,0,0.042,0.252,0.251,0.022,0.685,0.009,0.337,0.035,0.174,0.005,0.024,0.005,0,8.042,0.984,0.027,0.022,0.008
"20160509",0.163,0.021,0.001,0.449,0.001,0.669,0,0.501,0,15.325,0.029,0.093,0,0.015,15.325,0.249,2.378,0,0.038,20.275,0,0.011,0,0.002,0,0.001,1.842,0.192,0.015,0,0.525
"20160510",0,0,0,0.32,0,0,0.065,0,0.071,0,0,2.968,0.201,0.002,0,0,0,0.006,0.093,0,0.029,0,0,0,0,0,0,0.309,0,0.179,0.849
"20160511",0,0.967,0.001,0.2,1.466,0.506,0,0,0,1.693,0,0.139,0,0.18,1.693,0.064,2.768,0.008,0,0.034,0.922,0,0.125,0,0.125,0.001,0.434,0.112,0,0.567,0
"20160512",0.072,0,0,0.618,0,0.003,0,0.065,0,2.469,0,0.735,0,0,2.469,0.176,3.382,0,0,0.038,0,0.004,0.511,0,0.511,0,0.106,0.076,0,0.007,0.002
"20160513",0.141,0,0,1.071,0.158,0.304,0,0.141,0,5.414,0,0.012,0,0,5.414,0.127,2.518,0,0.037,10.969,0,0.019,0.141,0.088,0.141,0,0.997,0.006,0,0,0
"20160514",0.165,0.006,0.087,1.699,0.732,1.275,0,0.917,0,1.106,0.026,0.093,0,0,1.106,0.299,0.696,0.006,0.203,9.002,0,1.412,0.182,1.025,0.182,0.087,0.139,0,0.004,0,0
"20160515",0.686,1.677,6.035,1.322,2.327,0.074,1.253,0.35,9.083,0.887,5.481,19.135,4.306,0.331,0.887,0.964,0.01,3.9,0.22,2.944,0.394,0.475,0.012,3.416,0.012,6.035,0.113,0.211,1.793,3.67,0.957
"20160516",19.831,2.416,9.159,3.207,6.347,7.869,23.377,11.249,26.037,24.455,4.349,15.151,22.199,10.758,24.455,16.559,34.602,27.416,18.351,5.045,28.569,8.554,18.568,1.103,18.568,9.159,11.314,23.029,5.003,32.107,14.622
"20160517",1.853,1.215,0.25,1.183,3.619,0.05,1.123,0.397,0.53,0.398,2.371,0.877,19.471,0.103,0.398,2.482,0.516,1.059,1.902,0.884,0.726,0.591,0.428,15.396,0.428,0.25,5.067,0.787,2.448,0.278,0.283
"20160518",14.72,14.936,8.696,19.073,19.904,8.631,19.923,48.404,17.463,2.002,8.217,15.63,25.847,29.904,2.002,16.826,4.15,15.184,33.157,6.837,18.083,38.319,6.488,22.035,6.488,8.696,20.462,26.108,17.277,10.297,18.641
"20160519",11.059,11.419,9.114,24.982,3.373,5.074,2.378,4.349,7.099,9.854,14.688,5.825,4.303,6.508,9.854,22.878,3.868,0.836,3.881,10.961,8.645,2.401,23.078,7.077,23.078,9.114,18.282,2.115,13.94,3.669,6.846
"20160520",1.665,0.584,0.024,2.26,0.881,0,0.04,0.123,0,0.821,0.658,0.899,0.188,0.183,0.821,1.507,0.685,0,1.865,0.58,0.164,1.184,0.293,1.533,0.293,0.024,0.763,1.633,0.301,0.031,0.331
"20160521",14.31,11.377,6.881,6.487,16.151,6.862,0.34,0.176,0.569,6.737,7.3,26.385,0.433,0.594,6.737,13.435,11.429,0.53,9.736,10.342,5.582,7.927,0.56,19.683,0.56,6.881,3.756,2.918,3.979,6.167,4.605
"20160522",71.594,40.65,47.234,39.646,73.948,48.166,13.306,10.629,19.145,29.679,18.232,5.17,6.576,10.439,29.679,66.35,21.013,25.13,65.363,24.159,15.775,3.605,32.434,50.662,32.434,47.234,65.118,18.893,33.259,14.588,17.541
"20160523",9.912,0.812,0.202,16.776,2.456,1.687,1.922,0.698,2.565,11.746,0.852,9.698,2.018,0.66,11.746,11.297,6.85,0.895,5.795,8.494,0.949,1.181,5.412,1.099,5.412,0.202,10.502,3.303,0.68,0.788,2.901
"20160524",11.698,26.14,18.076,13.056,28.851,26.863,28.396,36.684,30.798,22.06,52.081,32.429,21.116,33.585,22.06,13.445,21.952,25.696,16.98,9.463,37.38,35.429,28.756,48.91,28.756,18.076,29.073,10.973,22.303,19.043,12.031
"20160525",48.155,55.424,67.562,43.394,53.64,71.255,52.151,20.292,44.654,49.627,29.379,41.291,40.686,41.218,49.627,59.439,70.545,58.389,53.895,34.04,20.08,29.687,68.192,42.895,68.192,67.562,48.167,24.917,45.682,17.461,34.656
"20160526",16.021,4.813,7.119,6.006,12.912,8.699,9.665,4.073,10.763,25.16,3.399,28.028,7.424,12.953,25.16,14.744,24.752,15.164,33.403,2.708,1.408,3.718,21.585,17.009,21.585,7.119,23.703,7.422,5.255,5.399,6.628
"20160527",7.67,36.205,26.062,10.476,26.427,32.534,26.075,27.295,25.842,31.139,54.403,23.016,41.807,29.473,31.139,8.335,33.849,25.244,25.229,4.139,31.683,26.3,28.887,31.549,28.887,26.062,36.883,39.685,35.938,29.129,33.847
"20160528",42.386,16.434,18.583,31.758,18.423,11.28,10.507,18.219,13.156,16.023,12.18,13.936,11.383,13.874,16.023,38.076,28.489,10.844,51.695,38.421,14.678,6.594,21.908,20.012,21.908,18.583,10.808,11.644,15.679,12.875,12.273
"20160529",16.827,7.979,12.204,19.417,3.292,13.946,28.537,14.147,27.518,24.722,4.713,16.762,15.447,53.385,24.722,20.235,28.151,30.447,10.359,18.82,6.419,40.056,27.318,4.376,27.318,12.204,15.441,9.132,5.656,1.997,15.731
"20160530",16.454,41.856,18.252,7.117,17.975,28.736,7.243,1.783,5.372,9.573,66.824,2.334,7.547,2.189,9.573,13.782,4.819,8.22,10.998,21.757,74.962,1.584,1.625,19.73,1.625,18.252,11.935,32.105,38.67,115.236,16.048
"20160531",1.937,15.302,8.855,4.914,0.895,10.386,7.608,1.595,8.491,0.938,4.623,1.112,7.237,6.375,0.938,1.754,1.443,5.509,4.407,1.417,15.395,4.639,2.449,6.496,2.449,8.855,5.306,12.279,16.649,11.991,26.461
"20160601",0.57,0.249,21.481,3.247,0.194,17.653,1.955,0.597,1.089,1.177,0.325,0.288,1.153,0.76,1.177,4.935,2.035,7.99,1.814,3.473,0.004,0.13,2.107,1.375,2.107,21.481,3.25,0.563,0.233,0.7,0.108
"20160602",1.11,2.185,5.676,11.221,1.782,3.745,0.493,0.765,4.204,0.318,2.068,0.212,0.438,0.48,0.318,0.522,0.479,0.202,4.484,1.095,4.69,0.989,2.521,0.202,2.521,5.676,1.528,2.435,1.092,2.744,0.872
"20160603",2.738,17.085,8.35,3.958,5.125,4.689,4.557,1.506,3.851,0.531,8.139,0.931,4.256,4.084,0.531,1.227,0.165,7.621,5.362,2.409,9.369,1.656,1.19,3.36,1.19,8.35,7.838,2.132,18.967,9.556,3.427
"20160604",1.372,0.018,0.04,2.32,0.251,0.38,0.512,0.205,0.521,0.138,0,1.154,1.574,0.392,0.138,4.128,0.059,0.36,6.313,0.37,7.124,2.698,0.243,0.028,0.243,0.04,3.477,0.217,0.291,15.767,0.405
"20160605",3.485,6.851,2.705,1.055,0.136,0.012,0.248,0.042,0.119,0,2.953,0.204,0.107,0.032,0,3.543,0,0.154,5.428,0.168,3.618,0.079,0.197,0.457,0.197,2.705,0.061,0.723,10.435,1.692,2.21
"20160606",1.261,5.76,16.198,8.999,27.912,10.104,2.686,0.83,2.177,1.412,4.638,5.203,2.699,3.78,1.412,0.979,1.652,3.08,3.537,3.726,7.8,0.701,1.919,4.641,1.919,16.198,9.946,3.195,5.871,7.537,4.062
"20160607",27.098,18.162,10.323,28.668,5.932,9.597,11.229,1.782,7.985,17.451,10.091,0.304,9.373,3.405,17.451,31.32,4.812,12.314,13.696,8.111,13.121,2.255,3.477,4.092,3.477,10.323,9.659,5.136,18.668,34.36,27.605
"20160608",9.836,5.104,1.799,4.152,0.603,1.07,0.557,4.961,0.709,0.587,3.548,1.311,1.599,0.656,0.587,9.853,1.264,0.88,2.853,2.488,8.217,5.287,2.087,1.002,2.087,1.799,2.485,1.631,3.975,4.021,1.63
"20160609",0.998,0.747,0.801,0.888,0.814,0.247,0.324,0.163,0.506,0.717,1.438,0.098,0.233,0.129,0.717,0.753,0.693,0.349,1.179,0.198,0.782,0.271,0.044,0.333,0.044,0.801,0.86,0.062,1.275,0.388,0.173
"20160610",0.074,0,7.99,0.628,0.096,0.168,2.202,0.867,0.709,0.106,0.002,0.125,0,0.002,0.106,0.055,0.278,0.682,0.059,0.377,0.001,0.286,0.502,0.264,0.502,7.99,0.565,0.068,0.124,0.007,0.125
"20160611",16.942,7.761,0.902,5.592,5.4,0.866,0.001,1.788,0.009,0.018,12.755,0.739,0.025,0.076,0.018,20.509,0.022,0,4.529,1.649,4.581,0.016,0.065,16.682,0.065,0.902,0.852,4.4,1.901,3.619,1.364
"20160612",3.934,19.263,21.524,8.446,19.365,14.882,8.913,5.759,8.312,7.259,5.81,1.786,9.565,6.742,7.259,5.592,4.615,9.304,27.679,16.782,64.969,8.902,6.115,27.546,6.115,21.524,12.196,11.658,25.912,22.296,8.459
"20160613",30.444,16.287,12.184,6.392,13.924,12.303,6.877,0.526,4.557,15.238,7.129,2.281,2.08,4.392,15.238,28.037,5.997,6.759,17.919,6.34,3.801,0.283,4.104,18.938,4.104,12.184,7.314,1.631,10.609,2.806,9.072
"20160614",4.609,6.139,2.213,2.293,3.214,1.986,2.708,1.572,2.426,1.448,18.11,2.726,2.167,1.915,1.448,3.855,2.399,2.795,4.188,0.605,9.438,1.452,3.032,6.463,3.032,2.213,1.341,1.826,5.718,7.131,4.629
"20160615",12.085,15.58,2.788,15.72,6.718,4.907,0.682,0.694,0.355,5.001,71.675,0.779,0.541,0.41,5.001,7.248,6.457,1.004,25.008,25.525,15.125,0.502,5.506,28.173,5.506,2.788,16.55,2.301,18.326,8.734,41.888
"20160616",11.184,14.588,10.035,40.639,36.664,3.887,8.613,8.329,5.291,46.546,8.844,8.1,7.976,8.034,46.546,17.763,37.458,10.283,7.707,7.394,8.445,14.41,23.975,6.297,23.975,10.035,34.521,32.279,15.254,7.751,11.115
"20160617",3.064,2.862,2.48,13.335,1.055,1.246,12.277,1.907,4.968,2.446,1.604,5.032,6.645,1.545,2.446,4.768,2.91,3.215,2.017,6.588,2.15,1.27,4.307,0.674,4.307,2.48,6.644,1.776,5.386,2.362,1.372
"20160618",3.899,16.572,6.418,2.939,4.634,1.468,1.328,0.004,1.165,0.733,3.98,0.102,0.583,0.553,0.733,3.423,0.451,1.831,3.602,0.665,1.066,0.005,0.807,0.866,0.807,6.418,4.585,0.001,17.037,1.449,0.258
"20160619",12.559,6.855,7.316,35.871,7.944,12.696,10.736,9.704,10.432,26.394,3.777,32.548,12.142,12.01,26.394,14.589,32.175,11.622,13.418,48.691,28.856,12.369,22.66,7.315,22.66,7.316,23.301,17.6,7.322,13.535,36.94
"20160620",30.256,20.494,29.979,22.139,19.433,32.944,34.166,9.266,36.743,11.968,23.966,19.686,22.217,24.199,11.968,20.016,18.551,33.167,20.211,17.397,25.533,15.48,23.676,25.51,23.676,29.979,19.264,20.638,22.31,17.967,24.222
"20160621",7.414,8.223,4.895,8.176,4.448,11.423,9.314,22.355,10.435,17.149,2.461,12.871,8.096,16.736,17.149,9.318,8.805,9.264,6.84,6.076,1.964,10.076,13.66,3.117,13.66,4.895,7.407,0.317,4.902,0.913,0.886
"20160622",5.799,8.855,9.412,10.007,11.318,9.753,3.96,5.9,4.232,8.889,36.054,5.282,4.114,8.227,8.889,7.949,5.018,3.906,8.672,5.146,7.96,3.339,3.347,15.663,3.347,9.412,7.826,6.737,10.372,18.017,5.326
"20160623",12.903,22.305,21.596,4.755,26.694,17.724,21.022,6.744,31.256,20.59,20.836,34.509,21.424,26.777,20.59,16.497,18.982,22.645,28.508,5.787,19.405,12.57,22.875,32.444,22.875,21.596,14.777,42.371,29.11,47.766,30.41
"20160624",12.641,2.081,6.598,10.645,1.722,6.963,0.991,9.106,1.691,1.096,2.841,26.285,3.054,4.145,1.096,13.717,6.154,0.894,12.975,4.723,6.519,6.487,7.147,3.055,7.147,6.598,1.736,23.965,2.48,6.04,1.174
"20160625",4.52,3.924,3.069,5.915,0.858,7.814,14.434,30.084,13.985,22.812,0.867,12.746,8.279,22.883,22.812,5.665,31.484,30.03,25.004,9.638,0.531,26.989,43.207,2.277,43.207,3.069,10.032,0.765,0.7,0.93,0.612
"20160626",19.232,5.291,2.916,20.058,4.201,14.409,2.619,10.911,2.483,13.292,25.96,4.689,3.474,5.685,13.292,19.828,13.836,7.778,8.101,20.96,13.99,3.728,20.91,4.599,20.91,2.916,14.975,8.003,5.391,16.756,8.505
"20160627",13.865,76.756,29.954,35.498,20.787,18.223,37.363,32.158,33.217,15.304,34.988,13.946,32.766,30.831,15.304,17.894,7.769,24.095,9.762,36.936,18.108,39.379,11.998,23.073,11.998,29.954,13.032,30.854,67.11,21.455,34.328
"20160628",20.77,12.2,13.56,26.465,20.465,24.354,17.892,28.532,18.19,37.424,8.636,36.06,13.952,22.978,37.424,22.571,32.91,27.753,17.188,32.707,2.523,20.846,30.561,16.249,30.561,13.56,37.767,3.913,7.855,2.525,5.595
"20160629",5.886,16.093,16.141,18.878,11.812,23.04,64.16,1.167,57.641,17.815,7.052,29.003,33.342,42.187,17.815,9.474,43.652,34.445,7.296,13.639,2.764,1.142,38.341,18.965,38.341,16.141,22.453,0.892,5.639,0.889,0.309
"20160630",7.631,1.779,0.58,6.86,2.816,0.583,0.249,4.344,0.748,1.612,0.672,2.775,2.197,2.83,1.612,9.996,5.572,0.667,2.741,9.744,0.162,5.909,1.536,4.623,1.536,0.58,16.599,1.439,0.715,0.344,1.275
"20160701",3.263,1.612,0.074,7.193,0.203,0.736,0.052,0.243,0.075,1.693,0.14,0.03,0.009,0.402,1.693,3.524,0.472,0.119,3.403,0.841,0.013,0,0.811,0.151,0.811,0.074,2.476,0.324,0.128,0,0
"20160702",0.437,11.385,2.228,3.636,3.337,2.688,0.795,1.306,0.482,4.148,4.113,2.294,0.653,0.145,4.148,0.542,4.674,1.492,0.872,7.053,1.168,0.056,2.667,1.397,2.667,2.228,5.285,1.9,11.844,3.609,10.68
"20160703",0.2,0.272,2.895,1.987,0.003,0.739,0.306,0.005,0.104,0.104,0.025,0.225,0.245,0.032,0.104,0.46,0.459,0.925,0.308,0.27,1.596,0,0.553,0.014,0.553,2.895,0.92,0.499,3.696,2.343,3.369
"20160704",0.088,0,0,1.203,0,0,0.009,0.024,0.008,0,0.116,0,0.127,0.07,0,0.45,0.06,0,0.303,0,0,0.119,0.006,0,0.006,0,0.082,0.619,0.002,0,0.034
"20160705",0.162,22.082,0.504,0.717,0.176,0.077,1.432,21.7,1.552,2.541,0.433,2.896,1.471,1.304,2.541,0.27,3.075,0.903,0.193,2.787,0.582,5.762,1.573,0.245,1.573,0.504,0.091,6.861,0.525,1.564,0.805
"20160706",8.684,8.578,9.313,15.413,12.951,13.27,5.465,3.514,6.36,19.061,6.632,4.688,7.061,7.399,19.061,12.281,13.151,8.621,10.075,16.867,4.734,6.172,13.956,9.999,13.956,9.313,23.491,5.225,6.68,3.02,3.382
"20160707",2.68,6.463,2.027,20.433,8.632,8.841,10.482,1.5,21.597,34.1,2.158,9.048,9.071,11.804,34.1,8.271,32.464,14.34,4.999,12.366,0.37,1.701,29.152,3.499,29.152,2.027,11.187,0.195,2.937,0.459,0.309
"20160708",2.313,1.2,1.118,4.96,1.4,1.513,2.193,14.242,3.137,5.825,0.225,12.522,4.671,4.723,5.825,3.894,5.997,1.661,1.607,5.876,0,8.554,3.986,0.826,3.986,1.118,4.232,0.658,0.558,0,1.808
"20160709",6.548,0.348,0.298,10.045,1.544,1.172,0.484,0.896,0.693,9.33,0.627,14.435,0.882,1.201,9.33,7.448,7.277,0.868,3.037,7.09,0.096,1.445,2.843,0.299,2.843,0.298,8.026,1.905,0.315,0.131,0.737
"20160710",34.012,5.387,7.928,40.259,4.482,14.179,3.864,1.51,3.982,49.296,4.291,11.618,3.495,4.407,49.296,38.257,42.747,5.19,15.298,42.892,2.386,1.013,57.753,2.566,57.753,7.928,43.572,4.923,2.995,2.956,4.159
"20160711",26.091,18.135,28.014,35.329,30.631,6.766,5.697,0.546,4.933,18.04,16.215,12.482,0.749,23.051,18.04,23.738,14.397,5.736,52.485,59.103,1.398,0.275,11.024,63.246,11.024,28.014,30.562,1.017,3.23,0.261,1.013
"20160712",1.948,9.824,6.189,8.668,4.739,9.336,6.503,0.276,17.881,18.863,2.472,19.484,5.722,17.019,18.863,2.153,41.064,13.871,8.152,3.048,1.564,0.964,40.456,2.542,40.456,6.189,19.356,1.054,5.02,2.385,0.264
"20160713",1.742,1.594,0.508,3.21,1.425,0.526,0.084,0.307,0.334,1.43,3.678,0.179,0.21,0.014,1.43,1.837,0.188,0.035,4.87,1.193,0.734,0.104,0.794,1.771,0.794,0.508,0.476,0.124,1.011,0.382,0.039
"20160714",7.541,4.299,0.832,5.049,14.916,0.874,0.702,0.364,0.871,1.087,0.848,3.19,0.387,0.3,1.087,3.275,0.483,1.165,4.517,0.278,11.537,0.085,0.752,0.741,0.752,0.832,1.908,1.857,17.922,13.362,4.161
"20160715",0.166,12.31,14.146,1.389,5.151,12.225,6.017,0.869,2.836,3.146,1.44,1.054,5.842,0.653,3.146,0.09,1.922,5.878,0.091,1.343,9.175,0.626,3.792,0.692,3.792,14.146,4.953,2.966,42.221,9.756,3.575
"20160716",2.039,9.588,13.378,18.482,5.044,16.746,4.424,7.781,12.2,1.659,2.712,0.366,4.135,51.195,1.659,5.585,1.937,17.147,11.748,1.128,0.573,6.646,4.504,4.805,4.504,13.378,8.902,5.077,3.159,0.626,1.103
"20160717",7.508,13.761,20.925,22.419,16.571,11.071,4.354,5.361,4.332,3.063,2.622,0.214,5.246,5.914,3.063,2.874,2.929,5.43,8.644,2.284,4.55,2.269,3.64,3.892,3.64,20.925,17.649,3.562,13.455,2.991,10.339
"20160718",0.088,1.368,4.034,9.564,0.695,17.042,19.649,6.685,18.231,6.86,0.493,2.404,20.619,8.341,6.86,0.209,4.426,22.262,0.065,3.831,19.464,5.934,8.793,0.012,8.793,4.034,9.404,27.191,2.755,39.548,13.204
"20160719",0.613,6.463,16.245,1.067,3.889,18.146,15.802,7.419,6.782,6.202,0.844,4.38,9.716,6.871,6.202,0.164,5.677,13.284,0.397,2.19,6.378,7.464,6.044,0.7,6.044,16.245,3.893,21.569,9.07,5.724,34.649
"20160720",0.15,2.946,9.871,0.971,3.882,7.989,5.508,7.514,8.105,2.742,0.098,1.581,6.432,9.811,2.742,0.323,3.357,4.619,0.319,2.175,20.782,8.953,2.117,0.007,2.117,9.871,5.03,11.318,5.422,30.565,20.71
"20160721",0.502,8.446,3.484,10.144,0.857,4.6,14.05,3.955,8.95,4.157,0.776,4.752,8.158,7.467,4.157,0.345,4.781,6.761,0.392,15.791,17.363,6.281,5.112,0.026,5.112,3.484,3.124,0.23,2.895,3.62,0.468
"20160722",1.459,6.151,3.239,5.452,2.551,0.753,3.339,1.02,6.684,2.054,9.146,2.356,5.655,2.093,2.054,1.661,4.853,2.916,13.241,14.365,4.769,1.202,0.291,5.491,0.291,3.239,1.236,4.019,4.85,2.149,1.498
"20160723",1.101,0.467,0.709,3.841,1.038,0.851,2.856,6.165,5.649,9.852,0.558,1.667,3.159,1.704,9.852,0.708,5.614,3.782,0.337,15.975,5.497,2.976,2.866,0.668,2.866,0.709,6.886,2.093,0.591,3.503,1.218
"20160724",0,0,0.052,0.341,0,0.795,0.017,0.01,0.004,0.025,0,0.168,0.017,0.112,0.025,0.379,0.051,0,0,0.421,1.066,0.014,0,0,0,0.052,0.027,0.957,0.036,2.354,1.05
"20160725",31.516,6.36,5.143,5.808,8.536,3.963,6.21,6.799,3.253,4.745,3.74,2.669,7.412,2.349,4.745,20.588,2.538,3.602,6.643,3.795,7.638,12.187,1.943,26.141,1.943,5.143,1.61,34.753,5.313,8.655,11.399
"20160726",15.27,19.798,42.961,12.71,26.772,21.223,23.032,21.781,21.356,16.632,33.564,3.937,21.335,11.78,16.632,11.514,15.541,21.659,34.475,18.499,16.949,16.092,13.229,18.4,13.229,42.961,25.554,8.095,37.163,17.899,15.754
"20160727",22.077,4.778,5.916,11.959,6.029,5.195,7.276,4.883,8.213,4.661,17.062,2.983,7.227,6.067,4.661,18.908,8.367,6.913,16.316,10.712,3.03,5.967,5.733,9.839,5.733,5.916,9.598,2.934,4.265,5.936,4.562
"20160728",10.461,6.176,9.139,17.663,10.608,19.187,10.982,1.132,6.246,13.986,14.175,0.957,9.662,10.123,13.986,15.099,9.612,13.16,12.835,12.258,16.999,2.382,5.762,10.784,5.762,9.139,19.744,10.395,6.601,17.677,10.075
"20160729",17.246,7.681,5.821,46.093,10.098,13.337,2.674,6.312,3.007,9.968,14.727,78.979,3.81,17.207,9.968,23.476,11.436,6.059,12.16,31.383,1.88,2.978,10.153,15.483,10.153,5.821,8.11,2.02,3.679,2.248,1.505
"20160730",6.113,9.804,2.496,22.011,6.555,4,5.309,3.704,14.869,7.74,10.517,5.641,5.478,15.373,7.74,6.845,5.357,6.227,2.679,20.221,6.705,6.61,4.413,5.892,4.413,2.496,7.612,4.415,9.791,0.929,1.068
"20160731",1.925,3.389,8.84,8.49,7.633,11.061,16.88,1.158,12.66,3.979,2.949,1.158,15.247,14.334,3.979,2.37,4.946,13.65,11.748,7.776,2.202,2.161,5.679,5.141,5.679,8.84,9.752,6.194,2.121,3.974,5.274
"20160801",0.175,3.807,0.956,0.349,0.2,0.042,0.061,0.909,0.129,0.235,5.199,0.109,0.251,0.587,0.235,0.446,0.113,0.055,0.241,0.483,4.062,0.852,0.281,0.27,0.281,0.956,0.651,0.832,4.199,3.669,1.152
"20160802",11.41,1.355,0.982,28.279,2.032,1.102,1.28,0.406,1.35,16.722,2.641,8.619,0.873,1.693,16.722,13.212,3.577,1.103,10.955,39.665,1.591,0.341,0.771,5.878,0.771,0.982,16.218,1.271,0.881,2.782,1.04
"20160803",26.603,1.168,1.336,64.309,0.418,1.279,3.058,3.152,3.074,17.082,2.856,8.587,2.972,5.37,17.082,32.553,16.388,2.3,17.306,61.617,11.415,2.922,5.738,2.898,5.738,1.336,14.814,4.539,3.082,7.978,5.992
"20160804",12.247,6.225,12.574,36.674,3.891,16.731,7.514,0.63,7.035,28.443,1.968,22.716,2.001,4.273,28.443,17.297,17.044,8.98,13.434,38.119,7.053,1.348,16.77,2.061,16.77,12.574,24.32,3.878,3.811,2.54,2.163
"20160805",13.671,1.702,3.243,13.61,18.388,11.259,3.779,0.924,3.39,31.078,3.311,18.89,3.075,5.759,31.078,16.547,14.321,4.533,4.303,22.918,6.421,0.633,9.739,2.208,9.739,3.243,8.859,0.551,2.3,4.068,0.857
"20160806",0.824,2.769,0.548,5.71,0.234,1.093,1.026,0.182,0.539,2.331,1.755,1.116,0.192,2.076,2.331,0.815,0.706,1.666,0.25,2.256,1.438,0.22,2.117,1.865,2.117,0.548,1.647,7.348,1.85,19.31,10.235
"20160807",8.734,1.424,0.099,6.632,0.491,0.775,0.77,0.999,1.361,1.272,1.82,3.612,4.447,1.62,1.272,6.663,2.689,1.314,4.095,2,3.627,1.605,0.674,1.117,0.674,0.099,6.919,4.854,1.435,3.514,12.896
"20160808",1.373,2.6,5.509,4.409,3.611,9.651,5.333,2.226,6.552,7.206,1.139,10.986,4.423,8.168,7.206,2.439,19.971,8.167,1.613,2.523,2.655,4.307,14.369,2.848,14.369,5.509,8.906,2.024,3.472,2.066,4.706
"20160809",0.906,1.211,0.622,1.637,1.521,1.812,1.481,1.276,1.429,1.833,1.198,3.092,1.317,2.908,1.833,1.301,6.278,0.605,2.721,0.771,0.33,0.768,1.594,1.041,1.594,0.622,1.511,0.009,2.381,0.125,0.035
"20160810",18.558,0.69,0.606,24.536,1.004,0.175,0.337,0.855,1.011,7.539,1.744,6.502,0.293,2.451,7.539,20.328,3.545,0.415,11.393,24.003,0.982,0.343,1.462,1.158,1.462,0.606,4.979,0.498,1.144,1.886,1.9
"20160811",3.171,15.796,20.857,5.428,11.231,14.985,10.81,11.617,11.652,27.118,8.788,21.081,10.053,14.194,27.118,3.92,37.466,9.492,9.519,4.52,13.065,11.346,48.631,8.277,48.631,20.857,17.729,5.821,12.13,52.768,12.857
"20160812",2.811,0.184,0.394,2.75,0.557,1.624,1.806,1.377,1.957,0.759,0.503,0.696,1.223,2.658,0.759,2.346,0.356,1.494,0.99,4.459,0.964,1.117,0.64,8.213,0.64,0.394,1.335,1.237,0.034,0.981,1.229
"20160813",4.811,8.41,9.013,4.785,6.164,7.709,1.107,1.768,1.484,12.272,4.904,2.462,0.879,2.59,12.272,4.71,7.805,2.009,7.356,2.101,3.826,1.65,4.741,4.378,4.741,9.013,9.011,0.438,4.344,2.231,1.28
"20160814",0.488,0.515,0.756,1.264,1.293,3.086,0.157,0.371,0.598,5.396,0.198,1.375,0.587,1.399,5.396,0.784,0.657,0.27,0.423,0.553,0,0.029,0.935,3.424,0.935,0.756,2.668,0.511,0.053,0.011,0.002
"20160815",2.167,0.274,0.428,1.257,0.216,0.789,3.068,0.726,2.94,6.317,0.25,1.033,2.261,3.861,6.317,2.526,5.501,3.541,1.575,0.766,0.26,0.641,2.493,0.363,2.493,0.428,3.722,0.126,0.164,0.683,0.017
"20160816",0.489,1.294,2.03,1.698,1.954,1.212,1.454,0.622,1.195,0.87,0.976,14.127,0.59,3.174,0.87,0.587,2.446,4.885,0.465,0.265,1.932,0.467,2.549,0.325,2.549,2.03,0.803,0.715,1.314,1.833,0.51
"20160817",1.389,0.443,0.089,2.68,1.034,0.564,0.151,0.34,0.32,1.022,0.683,0.374,0.112,0.824,1.022,1.576,0.559,0.278,1.694,1.248,1.175,0.093,0.583,3.001,0.583,0.089,1.204,0,0.656,0.324,0.044
"20160818",0.866,1.383,0.99,1.914,0.588,0.485,1.423,4.91,4.869,0.523,1.664,11.224,12.231,4.287,0.523,0.834,0.985,1.135,0.595,0.378,2.139,6.704,1.102,2.373,1.102,0.99,1.028,3.901,1.044,2.519,3.419
"20160819",0.337,2.455,0.259,0.943,0.067,0.613,0.594,5.074,0.559,2.642,0.122,0.23,0.26,1.928,2.642,0.736,1.215,2.628,0.261,0.145,0.035,0.939,1.873,0.177,1.873,0.259,0.377,3.962,1.468,0.036,0
"20160820",0.823,4.362,0.974,4.243,0.533,1.012,0.946,0.16,0.74,0.596,7.818,0.226,0.723,1.322,0.596,0.77,3.107,0.723,8.109,0.097,2.328,0.495,3.485,0.295,3.485,0.974,0.696,0.377,5.322,1.662,0.673
"20160821",0.534,0.106,0.196,0.482,0.025,0.027,0.157,0.496,0.422,0.266,0.939,0.269,0.208,1.709,0.266,0.424,0.235,0.115,0.068,0.245,0.633,0.472,0.106,0.123,0.106,0.196,1.028,1.563,0.057,0.415,4.648
"20160822",2.591,1.297,0.51,4.503,0.175,0.264,0.314,0.571,0.422,6.468,3.228,1.675,0.258,1.064,6.468,3.701,0.912,0.339,2.342,3.27,0.654,1.183,0.453,0.33,0.453,0.51,1.639,3.589,1.393,1.917,2.057
"20160823",10.716,11.126,6.066,9.865,4.239,1.086,2.432,1.788,2.457,3.561,9.529,5.212,3.697,4.157,3.561,10.306,0.476,1.72,16.399,6.984,7.614,1.863,0.606,7.061,0.606,6.066,2.962,14.45,12.732,7.989,17.191
"20160824",27.165,6.572,3.587,4.149,27.208,9.251,2.423,9.301,3.162,0.728,18.904,3.16,3.774,5.718,0.728,12.227,2.379,2.188,13.232,1.582,8.216,9.219,2.614,12.513,2.614,3.587,1.253,6.212,4.264,7.459,6.026
"20160825",1.812,0.888,0.712,2.024,6.325,0.14,0.04,0.149,0.209,1.083,7.922,0.476,0.14,1.237,1.083,4.543,2.2,0.096,8.887,0.811,1.79,3.101,1.605,0.388,1.605,0.712,1.371,1.567,0.487,0.836,0.66
"20160826",21.332,6.43,14.307,7.176,18.966,9.72,7.633,3.887,5.031,2.61,17.019,0.642,5.14,4.172,2.61,24.908,2.44,4.464,3.743,4.888,3.513,4.152,3.474,1.301,3.474,14.307,3.656,7.481,4.03,8.083,9.87
"20160827",18.214,4.12,1.278,7.155,0.965,4.18,1.167,9.273,2.902,1.038,6.767,3.254,3.529,3.218,1.038,13.504,0.833,0.933,1.944,2.214,9.498,12.01,0.85,2.666,0.85,1.278,8.374,12.04,14.883,6.542,5.946
"20160828",8.029,3.209,12.61,13.739,12.895,6.364,13.503,16.992,10.667,18.518,21.201,18.579,19.496,12.135,18.518,20.527,14.066,12.304,10.561,13.593,2.654,16.234,47.615,45.035,47.615,12.61,6.17,15.136,4.543,10.903,15.69
"20160829",3.153,1.327,0.399,16.535,0.681,0.98,8.4,5.44,9.739,6.011,0.113,9.485,4.094,5.263,6.011,1.94,5.333,13.693,0.843,9.747,1.476,8.328,10.001,0.096,10.001,0.399,8.236,3.085,2.791,2.182,6.62
"20160830",0.623,2.737,7.365,5.091,4.917,1.721,3.014,5.925,4.241,6.932,0.111,0.967,0.526,6.476,6.932,0.859,19.777,2.382,0.495,4.267,1.706,8.98,1.887,1.591,1.887,7.365,5.163,37.448,0.472,4.838,6.535
"20160831",0.102,0.793,2.074,1.354,0.732,1.458,0.433,1.458,0.285,0.461,0.208,0.335,0.071,0.741,0.461,1.263,0.372,1.416,3.391,0.152,1.278,2.071,0.307,0.422,0.307,2.074,1.885,0.12,0.181,3.439,0.438
"20160901",0.164,0.727,0.551,1.744,0.052,0.159,0.932,2.808,1.596,0.156,0.039,0.358,1.4,1.586,0.156,0.466,0.131,0.547,0.047,0.761,1.033,2.833,0.255,0.047,0.255,0.551,0.179,5.718,0.233,5.073,0.674
"20160902",0.712,0.639,0.072,23.234,0.053,0.005,1.426,3.233,2.866,0.867,2.517,0.622,1.554,1.404,0.867,2.896,0.733,1.401,2.239,9.802,13.496,3.949,0.258,0.037,0.258,0.072,0.325,4.576,1.188,3.36,0.637
"20160903",0.453,4.739,0.741,1.014,1.792,1.138,4.829,0.294,2.323,0.368,2.856,3.639,2.773,0.3,0.368,0.41,3.126,0.69,0.3,0.315,8.448,2.759,0.556,1.888,0.556,0.741,1.809,2.909,8.122,1.857,8.977
"20160904",0.862,1.064,5.583,1.91,3.368,3.52,15.572,7.686,5.495,0.92,0.013,1.543,7.808,2.281,0.92,0.796,3.148,3.224,0.478,0.205,1.11,5.355,2.519,4.401,2.519,5.583,0.473,4.753,5.965,7.026,2.186
"20160905",1.496,21.872,4.1,3.428,9.325,2.521,0.859,2.792,0.788,5.722,14.725,2.042,1.158,1.467,5.722,3.471,2.059,2.255,21.528,1.051,17.914,2.885,1.349,16.825,1.349,4.1,6.396,2.656,20.582,5.81,1.367
"20160906",10.866,5.723,1.661,6.923,13.583,3.247,1.499,2.238,1.344,5.234,5.49,3.806,1.471,2.281,5.234,8.168,8.681,1.657,2.41,6.406,0.96,3.108,5.609,12.147,5.609,1.661,4.214,1.595,2.136,0.685,1.117
"20160907",38.96,14.942,27.19,17.125,11.995,16.033,13.495,11.12,64.253,13.526,53.284,11.52,43.852,23.444,13.526,26.456,9.885,22.852,31.041,14.451,8.967,15.61,7.97,20.407,7.97,27.19,5.665,7.868,11.645,10.975,11.86
"20160908",20.769,8.829,10.331,15.463,5.952,6.802,7.343,4.051,8.279,5.241,11.538,50.641,5.705,14.042,5.241,32.679,9.545,12,26.809,20.498,7.531,3.683,24.412,9.892,24.412,10.331,14.224,1.714,8.715,6.21,2.931
"20160909",14.364,0.313,0.654,9.298,1.648,0.998,0.694,0.563,0.432,3.232,2.583,0.161,0.412,0.318,3.232,15.408,1.468,0.641,17.195,16.86,1.733,1.289,1.032,0.888,1.032,0.654,2.68,0.398,1.463,0.721,0.278
"20160910",16.37,4.116,2.392,6.484,91.629,9.479,1.946,3.219,2.305,2.008,27.54,1.412,6.945,2.913,2.008,14.491,7.247,3.76,38.055,2.965,4.436,5.38,7.656,16.847,7.656,2.392,19.813,10.744,3.892,5.642,7.904
"20160911",24.354,39.863,101.34,29.027,36.321,38.668,31.754,37.394,25.385,113.496,32.318,17.611,30.465,19.157,113.496,37.218,17.085,25.802,46.069,21.159,70.725,32.202,22.761,36.779,22.761,101.34,60.364,32.581,52.93,25.552,29.58
"20160912",9.393,15.258,8.546,18.937,11.509,14.098,10.763,6.857,8.477,10.228,10.253,6.166,14.585,6.049,10.228,10.604,8.962,15.993,6.873,25.052,6.956,12.081,6.75,13.192,6.75,8.546,11.532,15.87,9.775,9.256,12.733
"20160913",23.176,2.71,4.188,15.684,1.05,5.986,9.386,2.32,9.374,16.502,3.574,24.079,11.064,9.636,16.502,21.32,12.708,11.372,4.107,9.226,6.469,5.659,10.507,2.722,10.507,4.188,7.676,4.369,3.643,4.92,6.768
"20160914",0.71,1.05,3.995,2.991,5.673,0.657,3.69,1.458,3.162,24.497,2.99,3.339,3.957,5.916,24.497,1.001,10.959,2.314,6.075,0.805,5.41,2.108,3.164,4.595,3.164,3.995,9.959,6.512,1.903,7.608,4.361
"20160915",9.325,5.865,8.516,3.824,4.563,3.416,20.805,1.54,6.243,5.17,16.011,1.045,4.661,1.162,5.17,11.759,0.758,18.914,6.661,5.568,4.041,2.373,1.514,13.705,1.514,8.516,2.354,8.204,8.421,4.187,2.416
"20160916",19.804,1.263,0.589,42.105,0.64,0.401,0.486,0.753,0.966,9.454,1.392,10.291,0.655,0.306,9.454,22.848,11.733,0.41,3.551,35.059,0.524,0.952,2.282,1.101,2.282,0.589,4.365,1.737,0.262,0.577,1.524
"20160917",8.387,1.342,13.887,30.262,1.943,2.364,3.81,1.312,2.776,1.609,1.337,5.018,3.003,0.938,1.609,5.61,1.448,4.267,2.261,13.314,0.473,2.87,1.686,2.063,1.686,13.887,2.877,1.97,0.719,0.814,1.357
"20160918",14.037,7.741,5.25,9.227,10.768,4.616,5.053,14.939,5.224,12.151,4.786,11.38,5.796,5.284,12.151,9.104,5.071,4.443,8.966,11.604,2.998,8.647,2.705,18.989,2.705,5.25,12.067,13.902,9.086,3.204,10.117
"20160919",15.622,3.112,10.678,14.892,20.162,13.616,9.255,3.146,6.898,10.839,2.828,5.225,8.345,1.634,10.839,15.909,11.841,6.607,27.151,8.913,1.959,1.806,6.359,5.402,6.359,10.678,15.221,2.103,1.546,1.487,0.791
"20160920",13.225,28.379,23.441,12.735,24.003,23.438,13.659,2.497,9.974,2.004,32.547,11.09,10.057,7.953,2.004,14.145,6.67,17.047,21.613,19.239,8.846,2.687,10.878,19.512,10.878,23.441,5.946,8.29,30.621,4.025,5.516
"20160921",44.692,18.27,29.204,21.892,29.151,39.384,30.007,13.038,22.253,23.552,18.316,13.344,31.059,28.985,23.552,31.645,24.943,26.733,39.388,14.681,26.618,20.873,26.827,43.242,26.827,29.204,50.562,71.009,13.23,30.531,38.075
"20160922",34.02,26.487,43.983,43.961,37.347,24.207,45.237,63.422,41.509,42.241,24.309,38.625,44.535,54.078,42.241,41.783,49.952,35.71,7.958,31.012,18.484,89.55,83.885,27.556,83.885,43.983,39.314,75.743,21.112,25.085,53.248
"20160923",3.788,4.812,4.777,3.829,12.724,2.458,11.435,7.281,7.285,8.324,9.837,6.33,7.962,16.643,8.324,3.262,6.466,8.251,12.008,5.453,8.219,13.434,8.276,15.875,8.276,4.777,8.571,10.67,7.846,8.254,7.952
"20160924",1.575,4.298,1.027,1.485,2.949,3.889,2.803,5.358,3.359,1.73,5.864,42.669,2.693,1.154,1.73,1.735,2.036,4.54,11.317,1.166,11.092,3.215,2.139,11.02,2.139,1.027,4.97,5.428,2.132,8.083,5.586
"20160925",2.84,20.679,1.042,4.553,11.436,1.863,1.693,4.316,11.42,1.012,12.391,1.187,0.973,1.119,1.012,2.289,1.466,2.61,9.818,0.593,5.62,2.728,1.326,4.589,1.326,1.042,3.538,3.105,4.693,0.199,2.245
"20160926",54.422,56.488,32.923,43.371,61.306,33.697,23.173,11.296,13.669,21.302,35.892,5.434,19.008,20.085,21.302,59.068,8.828,31.219,44.275,46.097,57.481,12.996,16.707,30.918,16.707,32.923,17.38,24.175,74.01,59.461,40.989
"20160927",5.181,19.028,27.937,34.292,43.658,49.889,18.993,38.507,29.888,18.14,18.56,7.78,23.424,18.604,18.14,6.155,20.927,28.666,60.059,40.289,25.792,25.368,20.559,17.943,20.559,27.937,30.247,28.449,25.914,29.09,50.849
"20160928",43.502,55.166,39.789,14.467,24.519,63.792,41.91,35.053,38.225,34.788,57.904,7.162,29.968,55.615,34.788,39.693,33.116,37.557,59.504,10.065,35.365,30.214,38.004,32.256,38.004,39.789,45.322,26.977,43.219,33.425,46.854
"20160929",4.967,11.918,4.444,21.442,9.623,19.793,6.592,5.298,5.307,9.273,3.269,15.184,4.867,14.821,9.273,9.214,13.334,7.143,19.871,15.214,19.549,7.43,19.762,8.61,19.762,4.444,11.993,11.012,11.152,29.7,26.23
"20160930",2.065,16.307,3.236,2.517,8.693,3.11,5.524,6.275,4.98,0.908,11.177,1.492,13.183,4.364,0.908,2.538,1.466,5.196,3.211,1.134,4.678,12.33,3.352,8.705,3.352,3.236,4.956,6.033,10.785,10.067,12.922
"20161001",4.334,6.663,12.883,5.214,10.411,3.687,4.587,2.288,5.436,7.149,14.181,1.405,2.227,6.895,7.149,8.239,2.898,6.15,3.824,2.564,9.181,1.049,2.307,19.865,2.307,12.883,18.161,6.644,2.847,3.679,8.809
"20161002",9.366,2.952,2.389,5.891,26.133,8.451,3.475,34.076,8.37,13.071,16.476,10.226,4.489,6.201,13.071,7.471,6.833,5.239,14.632,7.861,11.092,29.103,13.606,5.052,13.606,2.389,13.25,2.225,6.982,8.089,2.948
"20161003",14.017,37.926,18.67,20.27,18.777,11.988,18.095,22.522,17.248,5.24,54.171,3.734,18.942,8.81,5.24,18.765,6.41,15.886,16.874,13.761,17.194,16.151,6.563,25.112,6.563,18.67,12.612,31.111,39.929,16.039,27.537
"20161004",37.302,6.506,8.986,8.875,4.81,21.77,26.073,8.774,20.798,13.014,4.071,7.693,19.44,22.068,13.014,22.429,18.328,24.853,13.683,7.929,2.41,12.397,26.572,5.527,26.572,8.986,10.717,4.187,9.97,2.301,3.276
"20161005",10.676,13.003,6.326,11.213,4.134,3.781,6.848,14.345,8.766,7.11,13.766,1.674,8.481,6.471,7.11,12.744,2.612,7.281,7.07,2.96,6.534,13.852,9.963,7.565,9.963,6.326,7.083,31.203,10.083,3.453,6.638
"20161006",19.135,2.537,7.201,18.565,8.229,6.241,6.469,11.336,5.205,4.135,2.681,7.287,4.193,3.195,4.135,21.178,11.803,6.16,25.481,17.432,15.89,11.75,4.673,7.05,4.673,7.201,7.881,34.581,2.926,16.629,11.886
"20161007",15.914,18.867,16.642,16.036,11.407,16.02,18.91,27.767,13.793,15.52,27.714,21.028,26.463,21.06,15.52,18.032,15.452,11.322,21.013,9.258,35.824,27.25,20.647,19.914,20.647,16.642,14.232,26.705,17.941,25.421,21.599
"20161008",2.616,9.505,13.914,5.136,4.258,23.178,14.619,5.937,13.853,26.597,10.879,8.569,6.452,13.734,26.597,3.725,31.08,21.247,19.996,7.997,14.676,6.339,33.282,4.997,33.282,13.914,17.645,15.081,7.482,19.988,14.376
"20161009",4.157,2.526,2.777,12.945,0.955,3.029,4.824,3.172,4.756,2.029,6.438,1.195,4.451,3.114,2.029,5.552,1.834,3.322,3.181,13.13,0.624,2.738,0.717,2.187,0.717,2.777,4.004,4.184,2.933,1.018,3.594
"20161010",3.488,3.838,12.044,21.167,5.841,14.556,4.538,8.527,12.025,6.16,19.134,8.342,4.793,15.032,6.16,4.089,10.372,7.34,3.873,25.392,10.869,6.88,5.036,3.174,5.036,12.044,7.346,9.412,5.447,7.24,6.531
"20161011",9.636,7.593,20.574,41.086,9.622,10.871,16.926,21.488,13.617,9.192,17.665,9.124,26.699,9.572,9.192,20.861,6.348,19.654,9.63,32.32,46.08,19.431,6.812,8.997,6.812,20.574,8.097,18.289,11.632,24.095,14.891
"20161012",5.195,2.26,4.486,2.793,4.456,3.281,10.348,14.681,9.892,1.414,3.341,4.305,10.413,4.226,1.414,3.659,3.198,7.075,6.694,1.752,8.279,7.769,3.507,5.068,3.507,4.486,4.372,6.371,13.106,6.745,10.74
"20161013",11.9,13.475,21.049,7.624,16.399,13.551,15.351,6.754,24.791,11.919,10.524,13.435,12.684,9.569,11.919,13.126,15.18,18.284,30.583,6.724,2.735,3.155,24.787,3.726,24.787,21.049,28.081,13.279,9.541,6.74,7.255
"20161014",2.23,14.082,13.246,9.584,3.694,8.1,14.312,8.03,14.504,19.985,1.219,5.917,17.706,25.032,19.985,3.444,20.989,17.404,3.142,8.563,1.231,5.519,17.807,6.454,17.807,13.246,17.689,8.585,3.043,2.606,7.283
"20161015",2.657,13.058,10.265,2.598,2.018,6.384,3.503,4.571,11.175,1.51,7.457,5.296,4.463,6.391,1.51,2.997,1.791,6.653,10.509,1.248,5.173,6.813,3.436,4.143,3.436,10.265,8.578,12.4,19.416,2.707,11.459
"20161016",10.017,9.783,47.356,10.712,72.617,43.101,25.323,12.426,24.103,20.617,20.795,8.788,36.977,19.639,20.617,9.959,16.844,21.523,17.654,5.92,23.209,25.645,13.383,26.892,13.383,47.356,35.446,27.015,17.55,22.237,40.282
"20161017",32.412,16.083,20.951,39.526,32.099,23.696,28.994,33.02,22.051,55.916,24.739,26.727,24.954,15.73,55.916,37.664,26.914,42.188,10.07,32.284,19.678,31.88,19.461,22.871,19.461,20.951,23.135,13.368,19.604,14.618,18.965
"20161018",13.82,7.259,9.33,27.301,5.751,11.66,8.527,5.972,7.557,23.584,17.712,11.724,7.551,4.742,23.584,14.648,13.981,9.015,11.875,19.531,28.514,3.369,9.058,4.635,9.058,9.33,17.422,16.846,13.576,37.553,26.492
"20161019",14.471,13.555,5.535,17.717,5.093,11.608,4.998,7.495,5.246,3.942,13.505,5.196,5.049,16.248,3.942,14.288,7.155,6.164,9.784,15.421,6.965,8.207,6.998,17.804,6.998,5.535,11.604,7.683,21.34,3.14,10.244
"20161020",19.514,7.356,27.405,14.457,21.513,39.35,23.532,5.212,32.678,29.542,3.813,42.502,11.287,28.522,29.542,17.866,38.214,45.595,26.862,12.885,13.389,7.638,34.141,10.885,34.141,27.405,36.133,8.157,8.349,7.926,10.103
"20161021",2.123,1.953,3.05,3.27,4.934,7.516,4.09,2.49,3.787,4.354,2.413,9.288,5.218,3.066,4.354,2.071,6.162,3.555,5.368,2.164,5.23,2.296,4.481,2.008,4.481,3.05,12.975,5.56,2.736,5.65,13.098
"20161022",11.815,16.115,17.773,10.59,18.149,17.034,15.114,6.734,9.671,6.023,13.352,5.904,3.642,2.123,6.023,12.603,0.754,13.763,11.761,8.83,10.672,2.968,1.637,24.446,1.637,17.773,8.044,26.959,9.343,8.464,4.753
"20161023",5.045,11.28,2.714,14.849,7.432,43.225,5.592,8.66,6.499,7.57,18.541,2.37,1.615,8.121,7.57,8.799,1.389,7.899,12.523,12.196,5.361,1.354,6.271,10.7,6.271,2.714,5.786,4.057,5.193,6.506,4.109
"20161024",35.971,26.696,10.322,15.739,6.643,6.543,7.831,6.956,9.501,6.849,35.704,22.644,7.008,7.223,6.849,29.648,11.792,7.5,14.346,11.476,82.491,6.988,38.334,16.248,38.334,10.322,27.667,24.096,28.67,86.434,43.233
"20161025",13.281,37.168,43.791,24.286,29.419,36.74,59.607,27.851,30.23,34.762,22.891,50.985,32.092,25.158,34.762,13.077,41.931,55.457,41.521,41.978,24.212,27.489,29.062,45.09,29.062,43.791,28.451,31.839,28.595,29.247,29.814
"20161026",3.39,11.745,15.865,3.988,16.878,16.768,17.565,48.714,15.83,11.457,13.028,25.449,21.813,28.212,11.457,4.193,11.62,21.638,8.259,4.052,18.156,31.883,12.232,14.999,12.232,15.865,11.606,26.534,14.882,8.252,15.195
"20161027",2.169,1.405,9.749,6.125,4.623,19.391,7.524,19.276,21.588,14.692,1.335,9.977,6.692,17.083,14.692,2.905,27.843,8.625,12.574,17.805,0.83,9.966,11.126,3.474,11.126,9.749,22.472,8.574,0.951,2.61,10.133
"20161028",30.258,2.334,4.556,29.186,2.759,8.346,24.216,13.576,32.915,42.495,2.294,14.62,26.73,43.032,42.495,17.643,26.623,9.794,8.997,45.574,2.268,16.668,24.465,4.214,24.465,4.556,17.233,20.55,2.508,6.52,8.878
"20161029",6.309,5.806,10.969,15.773,10.451,9.075,16.061,30.117,11.119,13.18,6.143,13.466,44.028,21.424,13.18,9.088,11.243,23.015,41.459,14.049,9.985,32.108,13.136,12.473,13.136,10.969,15.648,17.357,6.256,13.269,21.988
"20161030",9.725,12.242,6.298,18.586,20.282,12.222,14.218,14.284,18.984,19.308,9.944,8.863,25.134,30.328,19.308,16.745,15.295,10.032,8.289,31.688,20.511,17.413,7.696,18.791,7.696,6.298,20.412,32.031,19.254,34.582,24.604
"20161031",6.877,1.756,14.846,17.463,2.718,5.362,25.847,11.688,17.963,9.505,7.599,12.181,11.464,11.787,9.505,6.529,6.287,13.286,8.313,13.618,5.034,7.27,11.011,11.696,11.011,14.846,14.539,11.08,2.14,3.493,8.879
"20161101",19.522,12.623,18.372,22.782,9.156,13.783,19.612,6.451,21.651,15.177,5.575,7.71,30.886,21.234,15.177,21.748,14.84,29.071,25.238,14.141,8.074,7.372,19.666,0.844,19.666,18.372,30.769,5.701,10.365,8.139,5.322
"20161102",10.276,16.055,9.852,6.193,34.838,15.444,21.765,8.083,23.306,12.186,24.609,5.106,25.511,21.295,12.186,9.761,13.283,16.213,17.983,6.628,6.256,12.752,16.264,49.101,16.264,9.852,19.233,17.638,13.921,7.956,12.951
"20161103",29.736,25.054,16.111,16.602,23.759,15.129,7.598,4.958,7.402,14.782,29.407,1.096,6.103,5.962,14.782,25.731,11.47,12.021,39.708,11.606,19.719,6.169,11.071,21.241,11.071,16.111,29.873,8.595,22.05,13.754,12.016
"20161104",49.23,25.525,33.202,29.992,15.486,25.701,17.576,11.209,15.953,11.376,29.241,12.397,16.162,15.242,11.376,50.625,13.149,22.092,37.155,25.322,18.061,10.973,15.547,22.09,15.547,33.202,21.533,11.651,21.056,15.191,13.641
"20161105",27.965,55.794,30.142,12.627,43.049,27.73,23.633,22.981,23.963,12.093,54.382,13.118,21.703,26.874,12.093,27.043,18.52,26.035,27.053,8.933,45.696,16.427,27.592,52.434,27.592,30.142,28.977,24.541,53.672,36.98,32.557
"20161106",16.989,12.727,18.642,22.404,7.034,7.589,66.867,26.059,20.816,34.835,11.273,50.233,40.392,21.32,34.835,4.996,27.379,18.722,7.253,21.303,19.101,23.456,17.274,3.439,17.274,18.642,9.121,36.532,15.783,21.215,23.903
"20161107",1.009,1.242,4.403,4.968,1.398,13.031,6.427,2.507,5.777,0.969,1.422,1.06,4.364,11.207,0.969,3.991,3.908,13.951,2.069,0.783,5.083,4.014,3.669,0.964,3.669,4.403,5.379,5.332,0.832,19.094,14.175
"20161108",0.736,0.405,1.476,3.282,0.84,2.164,2.238,0.622,2.307,3.536,0.502,2.654,0.902,1.586,3.536,3.298,0.346,3.102,8.97,5.171,0.272,1.135,0.889,0.803,0.889,1.476,5.063,2.95,0.107,1.29,1.809
"20161109",0.16,0.063,0.194,1.18,0.024,0.835,0.53,1.909,0.532,1.247,0.027,22.042,1.251,2.411,1.247,0.204,0.83,1.61,1.589,0.57,0.078,0.824,1.651,0.018,1.651,0.194,1.869,1.767,0.019,1.33,1.035
"20161110",0.469,0.113,0.708,4.066,0.236,2.277,0.616,12.042,0.612,4.244,0.069,20.102,0.477,0.192,4.244,1.143,4.005,1.034,3.017,2.653,0.374,6.488,1.105,0.056,1.105,0.708,3.933,2.032,0.076,0.753,0.946
"20161111",0.69,0.016,1.044,0.979,0.06,2.099,1.602,1.135,1.848,3.82,0.011,0.336,0.97,2.003,3.82,1.057,5.724,1.969,1.044,0.322,0.672,0.589,2.072,0.008,2.072,1.044,2.577,3.435,0.066,0.511,4.261
"20161112",0.561,0.088,1.875,2.345,0.167,3.528,2.722,4.054,3.221,0.165,0.007,5.566,2.023,3.512,0.165,0.915,0.326,3.466,2.038,0.437,0.619,5.847,1.334,0.368,1.334,1.875,4.089,7.061,0.264,1.263,3.404
"20161113",0.196,0.019,1.027,1.601,0.005,1.214,2.655,0.614,6.963,0.039,0.01,1.133,0.077,1.671,0.039,0.292,0.236,2.808,0.7,2.831,0.671,0.365,0.946,0,0.946,1.027,1.329,1.844,0.003,0.767,1.557
"20161114",0.316,0.02,1.442,0.624,0.007,2.591,1.672,13.1,1.708,1.139,0,11.605,0.348,3.145,1.139,0.704,0.228,2.152,1.396,0.132,0.082,13.767,0.789,0.006,0.789,1.442,2.666,6.211,0,0.694,2.26
"20161115",0.202,0.09,1.509,3.43,1.75,1.97,0.994,0.305,0.904,10.972,0,4.548,0.063,0.443,10.972,0.317,10.254,2.105,2.675,2.927,0.083,0.226,4.671,0.096,4.671,1.509,4.697,1.911,0.015,0.756,1.389
"20161116",0.343,0.663,2.428,1.375,0.268,2.645,2.794,0.406,3.139,4.784,0.744,4.896,0.995,6.972,4.784,0.662,10.463,4.153,0.922,5.752,1.372,0.198,10.408,0.293,10.408,2.428,2.852,2.173,1.112,1.687,2.552
"20161117",18.768,4.449,26.527,28.685,1.673,8.796,4.626,2.588,13.921,27.732,0.848,2.358,6.176,7.034,27.732,17.582,27.562,7.373,3.169,21.758,16.333,2.948,17.923,2.199,17.923,26.527,13.421,12.138,5.654,19.848,11.565
"20161118",5.5,2.139,7.765,13.191,6.252,23.762,16.72,10.103,17.29,20.357,0.722,18.745,11.294,8.957,20.357,4.868,11.891,10.509,6.001,16.161,0.759,5.908,28.59,5.516,28.59,7.765,9.522,3.623,0.913,1.447,4.101
"20161119",1.04,0.526,1.007,3.086,0.489,1.104,1.148,0.452,1.874,13.227,0.213,0.87,0.567,2.33,13.227,1.375,2.375,1.785,0.722,1.774,0.632,0.322,2.793,0.153,2.793,1.007,3.078,1.383,0.384,2.359,2.435
"20161120",4.812,13.39,49.847,1.063,12.166,53.127,30.914,14.998,45.518,28.622,3.595,15.498,36.127,46.217,28.622,3.127,76.121,47.513,7.569,27.236,21.706,18.609,97.966,1.545,97.966,49.847,32.792,16.909,14.833,10.363,24.466
"20161121",3.109,5.471,12.12,9.129,10.966,9.706,20.164,25.551,17.757,10.025,2.92,8.12,24.949,17.174,10.025,3.868,10.505,11.826,19.167,4.378,7.727,28.475,11.246,3.624,11.246,12.12,12.784,38.696,3.144,12.97,22.82
"20161122",7.217,6.836,14.799,29.73,1.781,17.611,27.236,50.711,40.231,21.486,0.007,18.608,28.533,46.599,21.486,12.303,28.474,27.955,0.738,31.434,2.82,35.934,27.177,0.514,27.177,14.799,10.814,17.455,14.158,2.159,9.588
"20161123",1.03,0.248,1.196,1.503,0.125,1.964,2.254,1.625,2.967,5.559,0.126,11.804,1.222,3.358,5.559,1.768,4.37,2.986,1.974,1.493,0.542,1.635,2.023,0.096,2.023,1.196,4,3.959,0.02,0.827,2.063
"20161124",1.06,0.907,15.358,2.188,0.497,0.568,12.241,2.35,5.161,0.423,0.055,0.853,5.202,2.748,0.423,0.7,0.368,12.441,0.887,0.795,0.898,1.983,0.987,0,0.987,15.358,2.588,2.842,2.665,4.731,3.148
"20161125",0.117,2.439,0.917,1.408,0.021,3.789,0.755,1.51,0.714,0.151,0.061,11.198,0.695,0.689,0.151,0.201,0.722,1.535,1.047,0.601,1.335,3.869,0.282,0.026,0.282,0.917,4.47,4.27,3.834,0.782,2.604
"20161126",0.071,0.01,0.626,0.255,2.533,2.065,0.698,0,1.843,1.151,0,0.078,0.311,1.071,1.151,0.303,0.189,0.794,1.77,0.858,0.021,0.002,0.054,0.165,0.054,0.626,3.557,2.161,0,0.012,0.671
"20161127",0.18,0.08,0.015,0.455,0,0.514,0.276,0.019,0.451,0.099,0,0.191,0.029,0.78,0.099,0.392,0.549,0.288,0.41,0.118,0.351,0.05,0.962,0,0.962,0.015,0.916,0.603,0.078,0.125,0.363
"20161128",2.833,0.444,2.677,37.679,0.513,0.112,2.07,0.548,2.383,2.495,0.002,0.205,0.522,3.37,2.495,11.672,3.205,2.606,18.955,2.135,0.03,0.092,1.237,0.022,1.237,2.677,4.602,3.107,0.817,0.003,2.044
"20161129",0.451,2.003,0.283,2.241,0.033,0.911,0.634,0.532,0.654,0.04,1.155,0.279,0.014,1.839,0.04,0.581,0.181,0.46,1.672,3.883,1.311,0.021,0.089,0.043,0.089,0.283,1.393,1.787,0.53,0.909,1.537
"20161130",35.122,13.256,16.851,36.758,32.38,30.862,9.583,10.913,8.993,14.76,3.891,3.554,8.695,11.089,14.76,50.694,12.658,12.348,30.451,19.249,18.338,17.337,10.658,5.448,10.658,16.851,57.534,13.834,21.086,15.84,11.704
"20161201",4.873,8.694,20.429,6.225,10.79,16.758,28.837,53.97,35.848,14.488,1.531,23.478,35.596,37.976,14.488,5.17,13.318,25.684,3.194,3.333,7.793,70.06,14.829,7.546,14.829,20.429,11.314,35.714,9.174,10.402,32.984
"20161202",33.89,3.002,2.611,54.274,8.283,6.576,2.164,1.691,2.788,14.553,1.569,8.089,1.976,4.14,14.553,31.511,4.309,2.45,18.924,39.063,9.187,1.739,3.527,6.756,3.527,2.611,17.584,6.191,2.315,8.912,9.662
"20161203",10.47,13.359,13.831,6.256,26.339,17.928,10.655,5.476,9.62,5.096,10.394,1.73,5.938,6.956,5.096,8.754,5.487,11.949,24.195,5.959,5.993,4.912,12.626,22.411,12.626,13.831,14.529,5.784,7.178,8.376,5.027
"20161204",15.91,0.283,0.091,12.605,1.287,1.553,1.464,1.362,3.376,5.883,0.152,0.919,1.004,2.917,5.883,14.808,6.398,1.063,19.433,17.031,0.367,2.069,6.418,0.913,6.418,0.091,7.189,0.524,0.202,0.285,1.205
"20161205",2.103,0.297,0.085,2.907,0.044,0.292,0.698,0.702,1.348,3.023,0.437,10.271,0.318,1.912,3.023,2.347,0.352,0.546,1.307,1.351,0.698,0.529,2.898,1.118,2.898,0.085,2.572,1.348,0.228,0.564,1.322
"20161206",1.144,2.234,1.47,1.304,0.158,0.982,3.026,3.303,2.176,1.025,0.966,6.818,1.33,2.855,1.025,1.462,7.901,1.354,1.179,1.836,7.401,1.794,2.363,1.319,2.363,1.47,2.547,3.502,3.236,4.505,5.046
"20161207",6.306,15.908,7.247,14.316,1.891,5.672,22.377,4.726,20.853,6.209,25.729,0.329,24.371,14.882,6.209,4.207,7.91,11.626,3.112,1.526,15.089,6.431,10.422,1.087,10.422,7.247,10.149,21.938,27.332,15.676,9.204
"20161208",2.301,2.267,16.135,2.349,3.791,19.055,12.737,11.688,12.668,19.044,1.458,4.235,15.452,11.797,19.044,2.424,15.142,21.931,4.803,6.246,4.047,11.341,20.448,1.285,20.448,16.135,6.42,7.998,1.758,3.422,5.547
"20161209",4.092,0.263,0.262,4.631,0.214,2.44,0.532,0.93,1.23,1.64,1.389,0.199,0.504,2.775,1.64,4.695,1.912,0.588,1.359,7.931,0.949,0.606,2.461,0.144,2.461,0.262,6.428,2.671,0.281,0.67,1.05
"20161210",7.936,10.772,4.09,4.548,8.065,4.145,4.406,3.708,5.811,0.74,8.268,0.009,4.049,5.295,0.74,6.558,1.143,4.904,4.78,4.507,4.914,4.338,6.649,9.937,6.649,4.09,4.298,1.769,9.612,4.797,2.563
"20161211",4.037,18.317,8.156,2.667,10.828,7.17,3.969,4.554,5.182,1.223,24.015,0.69,5.233,8.672,1.223,4.601,4.224,6.984,9.974,2.629,16.294,3.629,6.226,18.738,6.226,8.156,5.7,10.668,15.638,22.636,11.419
"20161212",6.803,20.139,13.103,26.986,13.419,8.292,10.576,7.338,9.303,25.759,31.074,16.61,10.972,7.921,25.759,7.95,21.515,7.951,7.752,25.546,20.246,7.954,10.262,22.62,10.262,13.103,7.241,10.205,19.147,22.184,13.69
"20161213",4.237,6.934,8.182,7.675,5.359,4.181,8.003,7.103,6.735,3.36,7.434,5.604,7.924,7.576,3.36,8.518,5.16,5.722,3.236,7.658,10.961,8.493,4.436,6.957,4.436,8.182,9.329,11.199,6.848,12.555,16.296
"20161214",1.804,0.18,0.387,3.715,0.005,0.816,0.291,2.794,0.7,1.31,0.085,0.488,0.536,2.876,1.31,3.793,0.793,0.136,0.785,0.743,0.538,2.549,1.937,0,1.937,0.387,2.049,3.146,0.306,0.473,1.335
"20161215",0.055,0,0,2.225,0,0,2.309,0.436,2.065,1.47,0.011,0.814,2.217,4.239,1.47,0.616,3.702,3.428,0.8,0.951,0.04,1.033,3.151,0,3.151,0,4.587,2.03,0.011,0.112,0.854
"20161216",11.523,1.925,14.002,11.218,0.813,9.473,3.084,7.656,3.514,5.329,5.299,2.534,7.349,5.183,5.329,19.438,1.994,6.23,1.655,3.011,14.236,4.936,2.256,0.282,2.256,14.002,6.054,8.58,16.624,2.512,10.602
"20161217",0.404,0.323,0.663,2.029,0.229,0.298,3.473,2.208,4.806,0.98,0.376,8.525,2.097,5.022,0.98,0.668,0.374,2.43,0.329,0.381,0.053,1.375,0.208,0.066,0.208,0.663,0.83,2.583,0.14,0.057,1.582
"20161218",1.448,0.713,0.084,3.235,1.001,0.112,0.932,1.028,1.706,0.837,1.152,0.238,1.356,3.049,0.837,2.52,1.162,0.604,1.5,1.461,1.173,1.171,0.353,1.268,0.353,0.084,1.371,2.457,0.875,2.027,1.948
"20161219",2.294,3.648,4.282,5.598,5.236,7.401,4.085,2.841,4.252,6.856,4.061,0.696,2.71,5.741,6.856,2.964,4.102,3.969,4.306,2.991,2.683,2.804,3.655,3.263,3.655,4.282,4.251,3.831,2.658,2.105,3.777
"20161220",3.199,1.13,1.29,5.938,1.797,2.809,1.421,0.959,2.238,3.859,1.99,9.185,1.758,5.393,3.859,3.517,4.31,0.697,3.498,4.355,5.838,1.662,1.695,2.701,1.695,1.29,9.364,2.754,1.747,2.521,3.702
"20161221",0.924,2.857,0.434,4.641,0.188,0,1.184,4.385,1.273,1.657,1.901,5.063,1.374,2.744,1.657,2.318,0.531,3.253,2.174,0.568,0.361,4.511,0.793,2.579,0.793,0.434,0.643,3.61,1.319,0.977,1.419
"20161222",0.307,0.099,0.071,2.017,0.143,0.005,0.843,3.431,1.117,0.169,0,0.026,0.665,1.435,0.169,0.39,1.154,0.24,0.643,0.563,0.378,0.343,0.057,0.34,0.057,0.071,0.124,1.259,0.031,0.405,0.785
"20161223",0.06,0,0,0.191,0,0,0.038,0,0.055,3.055,0,0.499,0.036,0.099,3.055,0.117,1.618,0.002,0,0.245,0.013,0,0.196,0,0.196,0,0.443,0.147,0.073,0.844,0
"20161224",0.018,0.007,0,0.577,0.019,0,0.138,0.008,0.253,0.497,0.048,0,0.108,0.519,0.497,0.172,0.002,0,0.058,0.077,0.016,0.005,0.001,0.017,0.001,0,0.07,0.042,0.003,0.032,1.994
"20161225",2.973,0.669,2.512,5.436,0.103,4.956,6.744,0.822,8.623,2.495,0.135,0.36,5.219,10.135,2.495,2.671,3.062,4.684,1.237,11.347,0.6,1.668,1.243,0.399,1.243,2.512,1.686,1.709,1.519,9.221,6.417
"20161226",1.515,0.139,0.593,2.556,0.142,0.256,1.045,0.978,1.235,0.984,0.627,1.807,0.623,2.603,0.984,1.831,1.291,0.702,0.389,1.225,0.343,0.834,2.771,0.259,2.771,0.593,0.104,0.657,0.043,0.578,0.542
"20161227",0.108,0.001,0.133,1.933,0.023,0.001,0.297,0.865,1.603,0.055,0.265,0.076,0.805,2.722,0.055,0.34,0.084,0.23,0.221,1.016,0.001,1.519,0.018,0,0.018,0.133,0.025,1.951,0.001,0.406,1.8
"20161228",1.856,0.978,0.188,2.992,0.121,0.141,0.372,0.726,1.403,0.07,0.788,0.285,0.61,2.028,0.07,2.403,0.162,0.309,0.94,0.285,0.201,1.524,0.043,0.738,0.043,0.188,0.461,1.551,0.62,0.294,1.276
"20161229",0.512,1.503,1.584,2.684,0.547,0.548,0.506,1.539,0.469,0.297,0.642,0.223,0.329,1.735,0.297,1.266,1.532,0.214,1.033,1.581,1.344,1.114,0.312,0.049,0.312,1.584,0.909,1.391,2.001,0.401,1.204
"20161230",1.041,0.049,0.018,1.761,0,0.021,0.725,0.712,0.908,0.133,0.116,0.006,0.736,1.218,0.133,1.318,0.13,0.382,0.1,0.993,0,0.986,0.082,0.314,0.082,0.018,0.003,0.433,0.004,0.12,0.393
"20161231",2.652,0.896,7.726,1.758,8.106,4.381,0.198,0.009,0.136,0.402,0.345,0.498,0.02,0.808,0.402,2.354,1.578,3.69,2.808,1.315,0.25,0.836,0.392,3.863,0.392,7.726,1.086,0.655,0.545,0.329,0.733
